CREATE TABLE ACCOUNT
(
    ID          INT         NOT NULL,
    UUID        VARCHAR(36) NOT NULL,
    USERNAME    CHAR(255)   NOT NULL,
    PASSWORD    CHAR(60)    NOT NULL,
    ENABLED     BOOLEAN     NOT NULL,
    CREATED_AT  TIMESTAMP   NOT NULL,
    MODIFIED_AT TIMESTAMP   NOT NULL,
    PRIMARY KEY (ID)
);

CREATE TABLE ROLE
(
    ID          INT         NOT NULL,
    UUID        VARCHAR(36) NOT NULL,
    NAME        VARCHAR(60) NOT NULL,
    CREATED_AT  TIMESTAMP   NOT NULL,
    MODIFIED_AT TIMESTAMP   NOT NULL,
    PRIMARY KEY (ID)
);

CREATE TABLE ACCOUNT_ROLES
(
    ACCOUNT_ID  INT       NOT NULL,
    ROLE_ID     INT       NOT NULL,
    CREATED_AT  TIMESTAMP NOT NULL,
    MODIFIED_AT TIMESTAMP NOT NULL,
    FOREIGN KEY (ACCOUNT_ID) REFERENCES ACCOUNT (ID) ON DELETE RESTRICT ON UPDATE CASCADE,
    FOREIGN KEY (ROLE_ID) REFERENCES ROLE (ID) ON DELETE RESTRICT ON UPDATE CASCADE,
    PRIMARY KEY (ACCOUNT_ID, ROLE_ID)
);

INSERT INTO ACCOUNT (ID, UUID, USERNAME, PASSWORD, ENABLED, CREATED_AT, MODIFIED_AT)
VALUES (1, 'd7a8dc0b-c843-4882-8e9d-43dde1dddcd2', 'johannes.preisinger@gmail.com',
        '$2y$12$uHtxEyayfn4aqBaTk1PeoOORinFCqDflabJ28vMWcNbdQV4HIRGJm', true,
        '2021-05-27 04:05:06', '2021-05-27 04:05:06'),
       (2, 'c64eee9c-a4dc-11eb-bcbc-0242ac130002', 'admin@gmail.com',
        '$2y$12$5QkgDbXTAxMTbOF.CTFKz.RY/EwubDjWlV1vvhjsfEZo1ESHlSQke', true, '2021-05-27 04:05:06',
        '2021-05-27 04:05:06'),
       (3, 'b773661f-476f-4869-9072-b33856aac247', 'evangelos.ntentos@univie.ac.at',
        '$2y$12$mWp.FVbuAGFON4v994YaC.iTdXJyA1A6JDX.8qD0Y95J6pDcV6B8i', true, '2021-05-27 04:05:06',
        '2021-05-27 04:05:06'),
       (4, '26d7b000-a390-4418-888e-f50108edab5e', 'Himal',
        '$2y$12$xE.Y9v7uiYivSFzzu/U7Z.JQcV.6u7TNesuSYYoVHoUYLKLNhWt82', true, '2021-05-27 04:05:06',
        '2021-05-27 04:05:06'),
        (5, '2963f79d-3af6-4847-8da3-6321a5ce0fe3', 'christian.lascsak7@gmail.com',
        '$2y$12$ZOyrfuufuhHQj/dS1X1t7ONaW7LlVL3Rz5.RhuMJ0t3XfM.uC5kWO', true, '2021-05-27 04:05:06',
        '2021-05-27 04:05:06');

INSERT INTO ROLE (ID, UUID, NAME, CREATED_AT, MODIFIED_AT)
VALUES (1, '04fa9db1-4d5e-4cc0-a313-5ea66f2cd262', 'ADMIN', '2021-05-27 04:05:06', '2021-05-27 04:05:06'),
       (2, 'b9d87691-a58f-4a01-ac35-fac122a81951', 'BUYER', '2021-05-27 04:05:06', '2021-05-27 04:05:06'),
       (3, 'd7a8dc0b-c843-4882-8e9d-43dde1dddcd2', 'VENDOR', '2021-05-27 04:05:06', '2021-05-27 04:05:06'),
       (4, '04fa9db1-4d5e-4cc0-a313-5ea66f2cd262', 'USER', '2021-05-27 04:05:06', '2021-05-27 04:05:06'),
       (5, '04fa9db1-4d5e-4cc0-a313-5ea66f2cd264', 'USER', '2021-05-27 04:05:06', '2021-05-27 04:05:06');

INSERT INTO ACCOUNT_ROLES (ACCOUNT_ID, ROLE_ID, CREATED_AT, MODIFIED_AT)
VALUES (1, 1, '2021-05-27 04:05:06', '2021-05-27 04:05:06'),
       (2, 1, '2021-05-27 04:05:06', '22021-05-27 04:05:06'),
       (1, 2, '2021-05-27 04:05:06', '2021-05-27 04:05:06'),
       (1, 3, '2021-05-27 04:05:06', '2021-05-27 04:05:06'),
       (1, 4, '2021-05-27 04:05:06', '2021-05-27 04:05:06'),
       (3, 2, '2021-05-27 04:05:06', '2021-05-27 04:05:06'),
       (3, 3, '2021-05-27 04:05:06', '2021-05-27 04:05:06'),
       (3, 4, '2021-05-27 04:05:06', '2021-05-27 04:05:06'),
       (4, 5, '2021-05-27 04:05:06', '2021-05-27 04:05:06');

